"Name","InstallPath"
"7-Zip 24.09 (x64)","E:\7-Zip\"
"DBeaver 25.1.3","D:\DBeaver"
"Docker Desktop","C:\Program Files\Docker\Docker"
"Git","D:\Git\Git\"
"Microsoft Office 家庭和学生版 2021 - zh-cn","C:\Program Files\Microsoft Office"
"Microsoft Visual Studio 2010 Tools for Office Runtime (x64)","C:\Program Files\Common Files\Microsoft Shared\VSTO\10.0\"
"Microsoft Visual Studio 2010 Tools for Office Runtime (x64)语言包 - 简体中文","C:\Program Files\Common Files\Microsoft Shared\VSTO\10.0\"
"Mozilla Firefox (x64 zh-CN)","C:\Program Files\Mozilla Firefox"
"微软OfficePLUS","C:\Program Files\Microsoft OfficePLUS"
"PremiumSoft Navicat Premium 17.1","D:\Navicat\Navicat Premium 17\"
"MySQL Server 8.0","C:\Program Files\MySQL\MySQL Server 8.0\"
"Java(TM) SE Development Kit 24.0.2 (64-bit)","D:\Oracle JDK\"
"Workflow Manager Tools 1.0 for Visual Studio","C:\Program Files (x86)\Workflow Manager Tools\1.0\"
"Workflow Manager Client 1.0","C:\Program Files\Reference Assemblies\Microsoft\Workflow Manager\1.0\"
"Raspberry Pi Imager","H:\树莓派\imager_data\Raspberry Pi Imager\"
"Microsoft Visual Studio Installer","""C:\Program Files (x86)\Microsoft Visual Studio\Installer"""
"CUBLAS Runtime","D:\CUDA"
"CUBLAS Development","D:\CUDA"
"NVIDIA CUDA Development 12.8","D:\CUDA"
"NVIDIA CUDA Documentation 12.8","D:\CUDA"
"CUDART Runtime","D:\CUDA"
"NVIDIA CUDA Runtime 12.8","D:\CUDA"
"NVIDIA CUDA Toolkit 12.8","D:\CUDA"
"CUDA Profiler API","D:\CUDA"
"${{arpDisplayName}}","D:\CUDA"
"CUFFT Development","D:\CUDA"
"cuobjdump","D:\CUDA"
"CUPTI","D:\CUDA"
"CURAND Runtime","D:\CUDA"
"CURAND Development","D:\CUDA"
"CUSOLVER Runtime","D:\CUDA"
"CUSOLVER Development","D:\CUDA"
"CUSPARSE Runtime","D:\CUDA"
"CUSPARSE Development","D:\CUDA"
"cuxxfilt","D:\CUDA"
"Demo Suite","D:\CUDA"
"NVIDIA 图形驱动程序 571.96","C:\Program Files\NVIDIA Corporation\Installer2\Display.Driver.{23BBB84E-B1AB-4D32-8AE6-F93B228EB9CF}"
"NVIDIA App 11.0.4.159","C:\Program Files\NVIDIA Corporation\Installer2\Display.NvApp.{0899C84F-5209-497C-B5D3-36BE78F846DE}"
"NVIDIA MessageBus 3 for NvApp","C:\Program Files\NVIDIA Corporation\Installer2\Display.NvApp.MessageBus.{52E736A8-3587-4F46-A318-B0009D8C59B9}"
"NVIDIA Backend","C:\Program Files\NVIDIA Corporation\Installer2\Display.NvApp.NvBackend.{B067E759-A1DE-4C37-BD6A-AF27008FF826}"
"NvCpl","C:\Program Files\NVIDIA Corporation\Installer2\Display.NvApp.NvCPL.{2A414654-70D5-43C0-AEB0-BEE53ACEA9D8}"
"NVIDIA PhysX 系统软件 9.23.1019","C:\Program Files (x86)\NVIDIA Corporation\PhysX"
"CUDA Documentation","D:\CUDA"
"NVIDIA FrameView SDK 1.5.10920.35420203","C:\Program Files\NVIDIA Corporation\FrameViewSDK"
"NVIDIA HD 音频驱动程序 1.4.3.2","C:\Program Files\NVIDIA Corporation\Installer2\HDAudio.Driver.{44F449DA-868A-4D70-A95C-E61ACC5D79F3}"
"NVIDIA Install Application","C:\Program Files\NVIDIA Corporation\Installer2\InstallerCore"
"NPP Runtime","D:\CUDA"
"NPP Development","D:\CUDA"
"nvcc","D:\CUDA"
"NVIDIA Container","C:\Program Files\NVIDIA Corporation\NvContainer"
"NVIDIA AIUser Container","C:\Program Files\NVIDIA Corporation\Installer2\NvContainer.AIUser.{C402B8E9-8A7A-4181-B44C-D5CBD55E601A}"
"NVIDIA LocalSystem Container","C:\Program Files\NVIDIA Corporation\Installer2\NvContainer.LocalSystem.{CDD63201-37B0-4AA2-B84F-6DD61E1F47A8}"
"NVIDIA Session Container","C:\Program Files\NVIDIA Corporation\Installer2\NvContainer.Session.{A1B8770F-A06E-4E29-BC52-5B53B01A4664}"
"NVIDIA User Container","C:\Program Files\NVIDIA Corporation\Installer2\NvContainer.User.{B5C892E6-2AEE-4E1C-B565-944CAFCEEB4B}"
"Disassembler","D:\CUDA"
"NVIDIA NvDLISR","C:\Program Files\NVIDIA Corporation\Installer2\NvDLISR.{44F7D8E4-FB4E-44CF-87D3-0F7A7EDEAED4}"
"NVFATBIN Runtime","D:\CUDA"
"NVJITLINK Runtime","D:\CUDA"
"NVJPEG Runtime","D:\CUDA"
"NVJPEG Development","D:\CUDA"
"NVML Development","D:\CUDA"
"NVIDIA Platform Controllers and Framework","C:\Program Files\NVIDIA Corporation\Installer2\NVPCF.{792B5BCF-2A41-497A-A9DC-29AD18C88010}"
"NVIDIA Watchdog Plugin for NvContainer","C:\Program Files\NVIDIA Corporation\Installer2\NvPlugin.Watchdog.{9C94F9C1-0507-446D-BCC3-EE2C6F794FBB}"
"CUDA Profiler Tools","D:\CUDA"
"nvprune","D:\CUDA"
"NVRTC Runtime","D:\CUDA"
"NVRTC Development","D:\CUDA"
"NVIDIA Telemetry Client","C:\Program Files\NVIDIA Corporation\NvTelemetry"
"NVTX Development","D:\CUDA"
"Occupancy Calculator","D:\CUDA"
"OPENCL Runtime","D:\CUDA"
"Compute Sanitizer","D:\CUDA"
"NVIDIA ShadowPlay 11.0.4.0","C:\Program Files\NVIDIA Corporation\NVIDIA App\ShadowPlay"
"CUDA CCCL","D:\CUDA"
"NVIDIA USBC Driver 1.52.831.832","C:\Program Files\NVIDIA Corporation\Installer2\USBC.{37DE5C98-CD86-4FE6-A7B3-C12550FFFF10}"
"NVIDIA Virtual Audio 4.65.0.3","C:\Program Files\NVIDIA Corporation\Installer2\VirtualAudio.Driver.{2A136EE3-EE9D-4624-9072-9BACFF9FD017}"
"Visual Profiler","D:\CUDA"
"NVIDIA CUDA Visual Studio Integration 12.8","C:\Program Files\NVIDIA GPU Computing Toolkit\CUDA\v12.8"
"CLion 2025.1.3","D:\CLion\CLion 2025.1.3"
"Visual Studio Community 2022","D:\Visual Studio\Community"
"DataGrip 2025.1.3","D:\DataGrip\DataGrip 2025.1.3"
"GoLand 2025.1.3","D:\GoLand\GoLand 2025.1.3"
"Google Chrome","C:\Program Files\Google\Chrome\Application"
"IntelliJ IDEA Community Edition 2025.1","D:\IntelliJ\IntelliJ IDEA Community Edition 2025.1"
"Legion Zone","C:\Program Files (x86)\Lenovo\LegionZone"
"Microsoft Edge","C:\Program Files (x86)\Microsoft\Edge\Application"
"Microsoft Edge WebView2 Runtime","C:\Program Files (x86)\Microsoft\EdgeWebView\Application"
"PhpStorm 2025.1.3","D:\PhpStorm\PhpStorm 2025.1.3"
"PyCharm 2025.1.3.1","D:\PyCharm\PyCharm 2025.1.3.1"
"迅雷","C:\Program Files (x86)\Thunder Network\Thunder"
"WebStorm 2025.1.3","D:\WebStorm\WebStorm 2025.1.3"
"微信","C:\Program Files\Tencent\Weixin"
"联想电脑管家（原厂驱动和官方服务）","C:\Program Files (x86)\Lenovo\PCManager\5.1.120.7041\"
"百度网盘","C:\Users\ckr-win\AppData\Roaming\baidu\BaiduNetdisk"
"GitHub Desktop","C:\Users\ckr-win\AppData\Local\GitHubDesktop"
"Ollama version 0.5.7","C:\Users\ckr-win\AppData\Local\Programs\Ollama\"
"Microsoft Visual Studio Code (User)","D:\Visual Studio Code\Microsoft VS Code\"
"Trae CN (User)","D:\Trae\Trae CN\"
"Notepad-- 版本 3.0.0","D:\Notepad--\Notepad--\"
"夸克","C:\Users\ckr-win\AppData\Local\Programs\Quark"
